Team,Member,play_order_skill,earned_points,spectators_n,recalled_points,perceived_contribution_1_10,team_outcome,tournament,match_type,gender,Adcp,accuracy_recalled_minus_earned,team_size,Teamsize,outcomexspec
1.0,1.0,1.0,10.0,26.0,10.0,5.0,,2015.5.13,Double,Male,28.0,0.0,7.0,19.0,26.0
1.0,2.0,1.0,10.0,26.0,10.0,5.0,,2015.5.13,Double,Female,28.0,0.0,7.0,19.0,26.0
1.0,3.0,2.0,24.0,17.0,24.0,4.0,,2015.5.13,Single,Male,19.0,0.0,7.0,19.0,17.0
1.0,4.0,3.0,23.0,33.0,23.0,7.0,,2015.5.13,Double,Male,37.0,0.0,7.0,19.0,33.0
1.0,5.0,3.0,23.0,33.0,23.0,8.0,,2015.5.13,Double,Male,37.0,0.0,7.0,19.0,33.0
1.0,6.0,4.0,15.0,23.0,14.0,5.0,,2015.5.13,Double,Male,27.0,-1.0,7.0,19.0,23.0
1.0,7.0,4.0,15.0,23.0,14.0,5.0,,2015.5.13,Double,Male,27.0,-1.0,7.0,19.0,23.0
2.0,8.0,1.0,22.0,26.0,22.0,4.0,,2015.5.13,Single,Male,29.0,0.0,8.0,18.0,-26.0
2.0,9.0,2.0,13.0,14.0,13.0,10.0,,2015.5.13,Single,Male,16.0,0.0,8.0,18.0,-14.0
2.0,10.0,3.0,3.0,14.0,3.0,3.0,,2015.5.13,Double,Male,18.0,0.0,8.0,18.0,-14.0
2.0,11.0,3.0,3.0,14.0,3.0,3.0,,2015.5.13,Double,Male,18.0,0.0,8.0,18.0,-14.0
2.0,12.0,4.0,10.0,29.0,10.0,10.0,,2015.5.13,Double,Male,33.0,0.0,8.0,18.0,-29.0
2.0,13.0,4.0,10.0,29.0,10.0,8.0,,2015.5.13,Double,Male,33.0,0.0,8.0,18.0,-29.0
2.0,14.0,5.0,14.0,23.0,10.0,5.0,,2015.5.13,Double,Male,27.0,-4.0,8.0,18.0,-23.0
2.0,15.0,5.0,14.0,23.0,10.0,5.0,,2015.5.13,Double,Male,27.0,-4.0,8.0,18.0,-23.0
3.0,16.0,1.0,29.0,11.0,25.0,3.0,,2015.5.13,Double,Female,15.0,-4.0,16.0,18.0,11.0
3.0,17.0,1.0,29.0,11.0,25.0,3.0,,2015.5.13,Double,Female,15.0,-4.0,16.0,18.0,11.0
3.0,18.0,2.0,10.0,8.0,10.0,2.0,,2015.5.13,Single,Male,10.0,0.0,16.0,18.0,8.0
3.0,19.0,3.0,19.0,15.0,15.0,1.0,,2015.5.13,Double,Male,18.0,-4.0,16.0,18.0,15.0
3.0,20.0,3.0,19.0,15.0,15.0,1.0,,2015.5.13,Double,Male,18.0,-4.0,16.0,18.0,15.0
3.0,21.0,4.0,10.0,20.0,7.0,6.0,,2015.5.13,Double,Female,23.0,-3.0,16.0,18.0,20.0
3.0,22.0,4.0,10.0,20.0,9.0,4.0,,2015.5.13,Double,Female,23.0,-1.0,16.0,18.0,20.0
3.0,23.0,5.0,21.0,16.0,26.0,5.0,,2015.5.13,Double,Male,20.0,5.0,16.0,18.0,16.0
3.0,24.0,5.0,21.0,16.0,24.0,5.0,,2015.5.13,Double,Female,20.0,3.0,16.0,18.0,16.0
3.0,25.0,6.0,8.0,9.0,4.0,4.0,,2015.5.13,Double,Male,13.0,-4.0,16.0,18.0,9.0
3.0,26.0,6.0,8.0,9.0,4.0,4.0,,2015.5.13,Double,Male,13.0,-4.0,16.0,18.0,9.0
3.0,27.0,7.0,13.0,11.0,16.0,2.0,,2015.5.13,Single,Male,14.0,3.0,16.0,18.0,11.0
3.0,28.0,8.0,13.0,26.0,13.0,4.0,,2015.5.13,Double,Male,30.0,0.0,16.0,18.0,26.0
3.0,29.0,8.0,13.0,26.0,13.0,6.0,,2015.5.13,Double,Male,30.0,0.0,16.0,18.0,26.0
3.0,30.0,9.0,22.0,16.0,22.0,5.0,,2015.5.13,Single,Male,18.0,0.0,16.0,18.0,16.0
3.0,31.0,10.0,5.0,33.0,5.0,4.0,,2015.5.13,Single,Male,35.0,0.0,16.0,18.0,33.0
4.0,32.0,1.0,9.0,10.0,10.0,2.0,,2015.5.13,Double,Female,14.0,1.0,15.0,19.0,-10.0
4.0,33.0,1.0,9.0,10.0,10.0,2.0,,2015.5.13,Double,Male,14.0,1.0,15.0,19.0,-10.0
4.0,34.0,2.0,8.0,6.0,10.0,10.0,,2015.5.13,Double,Female,10.0,2.0,15.0,19.0,-6.0
4.0,35.0,2.0,8.0,6.0,10.0,8.0,,2015.5.13,Double,Female,10.0,2.0,15.0,19.0,-6.0
4.0,36.0,3.0,19.0,14.0,19.0,6.0,,2015.5.13,Double,Female,18.0,0.0,15.0,19.0,-14.0
4.0,37.0,3.0,19.0,14.0,19.0,6.0,,2015.5.13,Double,Female,18.0,0.0,15.0,19.0,-14.0
4.0,38.0,4.0,11.0,20.0,12.0,7.0,,2015.5.13,Single,Male,23.0,1.0,15.0,19.0,-20.0
4.0,39.0,5.0,16.0,22.0,20.0,5.0,,2015.5.13,Single,Male,25.0,4.0,15.0,19.0,-22.0
4.0,40.0,6.0,10.0,16.0,9.0,7.0,,2015.5.13,Single,Male,19.0,-1.0,15.0,19.0,-16.0
4.0,41.0,7.0,22.0,8.0,14.0,7.0,,2015.5.13,Double,Male,11.0,-8.0,15.0,19.0,-8.0
4.0,42.0,7.0,22.0,8.0,14.0,7.0,,2015.5.13,Double,Male,11.0,-8.0,15.0,19.0,-8.0
4.0,43.0,8.0,15.0,22.0,14.0,8.0,,2015.5.13,Double,Male,25.0,-1.0,15.0,19.0,-22.0
4.0,44.0,8.0,15.0,22.0,14.0,8.0,,2015.5.13,Double,Male,25.0,-1.0,15.0,19.0,-22.0
4.0,45.0,9.0,10.0,20.0,11.0,8.0,,2015.5.13,Single,Male,22.0,1.0,15.0,19.0,-20.0
4.0,46.0,10.0,18.0,22.0,17.0,9.0,,2015.5.13,Single,Male,24.0,-1.0,15.0,19.0,-22.0
5.0,47.0,1.0,10.0,13.0,8.0,2.0,,2015.5.13,Double,Male,16.0,-2.0,13.0,19.0,-13.0
5.0,48.0,1.0,10.0,13.0,8.0,2.0,,2015.5.13,Double,Male,16.0,-2.0,13.0,19.0,-13.0
5.0,49.0,2.0,19.0,26.0,19.0,6.0,,2015.5.13,Single,Male,28.0,0.0,13.0,19.0,-26.0
5.0,50.0,3.0,13.0,24.0,13.0,4.0,,2015.5.13,Double,Female,27.0,0.0,13.0,19.0,-24.0
5.0,51.0,3.0,13.0,24.0,13.0,4.0,,2015.5.13,Double,Male,27.0,0.0,13.0,19.0,-24.0
5.0,52.0,4.0,13.0,12.0,12.0,5.0,,2015.5.13,Single,Male,14.0,-1.0,13.0,19.0,-12.0
5.0,53.0,5.0,16.0,11.0,16.0,4.0,,2015.5.13,Double,Male,14.0,0.0,13.0,19.0,-11.0
5.0,54.0,5.0,16.0,11.0,16.0,4.0,,2015.5.13,Double,Female,14.0,0.0,13.0,19.0,-11.0
5.0,55.0,6.0,18.0,11.0,20.0,5.0,,2015.5.13,Double,Female,14.0,2.0,13.0,19.0,-11.0
5.0,56.0,6.0,18.0,11.0,20.0,5.0,,2015.5.13,Double,Male,14.0,2.0,13.0,19.0,-11.0
5.0,57.0,7.0,18.0,27.0,18.0,7.0,,2015.5.13,Single,Male,29.0,0.0,13.0,19.0,-27.0
5.0,58.0,8.0,15.0,23.0,13.0,5.0,,2015.5.13,Single,Male,29.0,-2.0,13.0,19.0,-23.0
5.0,59.0,9.0,14.0,22.0,14.0,9.0,,2015.5.13,Single,Male,25.0,0.0,13.0,19.0,-22.0
6.0,60.0,1.0,19.0,6.0,18.0,4.0,,2015.5.13,Single,Male,8.0,-1.0,10.0,20.0,6.0
6.0,61.0,2.0,13.0,12.0,13.0,3.0,,2015.5.13,Single,Male,15.0,0.0,10.0,20.0,12.0
6.0,62.0,3.0,18.0,14.0,18.0,5.0,,2015.5.13,Single,Male,16.0,0.0,10.0,20.0,14.0
6.0,63.0,4.0,20.0,20.0,21.0,6.0,,2015.5.13,Single,Male,23.0,1.0,10.0,20.0,20.0
6.0,64.0,5.0,15.0,26.0,14.0,7.0,,2015.5.13,Single,Male,29.0,-1.0,10.0,20.0,26.0
6.0,65.0,6.0,14.0,27.0,15.0,5.0,,2015.5.13,Single,Male,29.0,1.0,10.0,20.0,27.0
6.0,66.0,7.0,18.0,18.0,19.0,4.0,,2015.5.13,Single,Male,20.0,1.0,10.0,20.0,18.0
6.0,67.0,8.0,15.0,12.0,15.0,2.0,,2015.5.13,Single,Male,14.0,0.0,10.0,20.0,12.0
6.0,68.0,9.0,18.0,16.0,19.0,4.0,,2015.5.13,Double,Male,19.0,1.0,10.0,20.0,16.0
6.0,69.0,9.0,18.0,16.0,19.0,6.0,,2015.5.13,Double,Male,19.0,1.0,10.0,20.0,16.0
7.0,70.0,1.0,65.0,26.0,64.0,5.0,,2015.10.27,Double,Female,29.0,-1.0,15.0,20.0,-26.0
7.0,71.0,1.0,65.0,26.0,64.0,5.0,,2015.10.27,Double,Male,29.0,-1.0,15.0,20.0,-26.0
7.0,72.0,2.0,14.0,25.0,12.0,10.0,,2015.10.27,Double,Male,29.0,-2.0,15.0,20.0,-25.0
7.0,73.0,2.0,14.0,25.0,14.0,8.0,,2015.10.27,Double,Female,29.0,0.0,15.0,20.0,-25.0
7.0,74.0,3.0,3.0,31.0,3.0,7.0,,2015.10.27,Double,Male,35.0,0.0,15.0,20.0,-31.0
7.0,75.0,3.0,3.0,31.0,4.0,6.0,,2015.10.27,Double,Female,35.0,1.0,15.0,20.0,-31.0
7.0,76.0,4.0,7.0,11.0,6.0,3.0,,2015.10.27,Double,Female,14.0,-1.0,15.0,20.0,-11.0
7.0,77.0,4.0,7.0,11.0,7.0,2.0,,2015.10.27,Double,Male,14.0,0.0,15.0,20.0,-11.0
7.0,78.0,5.0,1.0,22.0,1.0,8.0,,2015.10.27,Double,Male,25.0,0.0,15.0,20.0,-22.0
7.0,79.0,5.0,1.0,22.0,1.0,9.0,,2015.10.27,Double,Female,25.0,0.0,15.0,20.0,-22.0
7.0,80.0,6.0,4.0,13.0,4.0,3.0,,2015.10.27,Single,Female,15.0,0.0,15.0,20.0,-13.0
7.0,81.0,7.0,3.0,15.0,3.0,6.0,,2015.10.27,Double,Male,18.0,0.0,15.0,20.0,-15.0
7.0,82.0,7.0,3.0,15.0,1.0,4.0,,2015.10.27,Double,Female,18.0,-2.0,15.0,20.0,-15.0
7.0,83.0,8.0,1.0,13.0,1.0,6.0,,2015.10.27,Double,Male,16.0,0.0,15.0,20.0,-13.0
7.0,84.0,8.0,1.0,13.0,1.0,5.0,,2015.10.27,Double,Female,16.0,0.0,15.0,20.0,-13.0
8.0,85.0,1.0,4.0,13.0,4.0,1.0,,2015.10.27,Double,Male,17.0,0.0,10.0,20.0,13.0
8.0,86.0,1.0,4.0,13.0,4.0,2.0,,2015.10.27,Double,Female,17.0,0.0,10.0,20.0,13.0
8.0,87.0,2.0,12.0,20.0,10.0,6.0,,2015.10.27,Double,Male,24.0,-2.0,10.0,20.0,20.0
8.0,88.0,2.0,12.0,20.0,10.0,8.0,,2015.10.27,Double,Female,24.0,-2.0,10.0,20.0,20.0
8.0,89.0,3.0,2.0,9.0,2.0,1.0,,2015.10.27,Double,Male,13.0,0.0,10.0,20.0,9.0
8.0,90.0,3.0,2.0,9.0,2.0,1.0,,2015.10.27,Double,Female,13.0,0.0,10.0,20.0,9.0
8.0,91.0,4.0,5.0,25.0,4.0,5.0,,2015.10.27,Single,Male,28.0,-1.0,10.0,20.0,25.0
8.0,92.0,5.0,75.0,19.0,75.0,9.0,,2015.10.27,Double,Male,23.0,0.0,10.0,20.0,19.0
8.0,93.0,5.0,75.0,19.0,75.0,10.0,,2015.10.27,Double,Male,23.0,0.0,10.0,20.0,19.0
8.0,94.0,6.0,70.0,15.0,70.0,10.0,,2015.10.27,Single,Male,18.0,0.0,10.0,20.0,15.0
9.0,95.0,1.0,9.0,16.0,10.0,5.0,,2015.10.27,Double,Female,19.0,1.0,16.0,17.0,-16.0
9.0,96.0,1.0,9.0,16.0,7.0,3.0,,2015.10.27,Double,Female,19.0,-2.0,16.0,17.0,-16.0
9.0,97.0,2.0,17.0,18.0,15.0,7.0,,2015.10.27,Double,Male,22.0,-2.0,16.0,17.0,-18.0
9.0,98.0,2.0,17.0,18.0,15.0,9.0,,2015.10.27,Double,Female,22.0,-2.0,16.0,17.0,-18.0
9.0,99.0,3.0,19.0,12.0,10.0,7.0,,2015.10.27,Double,Male,16.0,-9.0,16.0,17.0,-12.0
9.0,100.0,3.0,19.0,12.0,24.0,3.0,,2015.10.27,Double,Female,16.0,5.0,16.0,17.0,-12.0
9.0,101.0,4.0,10.0,11.0,6.0,3.0,,2015.10.27,Double,Female,14.0,-4.0,16.0,17.0,-11.0
9.0,102.0,4.0,10.0,11.0,7.0,3.0,,2015.10.27,Double,Male,14.0,-3.0,16.0,17.0,-11.0
9.0,103.0,5.0,9.0,13.0,8.0,6.0,,2015.10.27,Double,Male,17.0,-1.0,16.0,17.0,-13.0
9.0,104.0,5.0,9.0,13.0,7.0,4.0,,2015.10.27,Double,Female,17.0,-2.0,16.0,17.0,-13.0
9.0,105.0,6.0,36.0,11.0,30.0,4.0,,2015.10.27,Single,Male,14.0,-6.0,16.0,17.0,-11.0
9.0,106.0,7.0,20.0,8.0,21.0,3.0,,2015.10.27,Double,Male,11.0,1.0,16.0,17.0,-8.0
9.0,107.0,7.0,20.0,8.0,22.0,8.0,,2015.10.27,Double,Male,11.0,2.0,16.0,17.0,-8.0
9.0,108.0,8.0,12.0,14.0,10.0,9.0,,2015.10.27,Single,Male,16.0,-2.0,16.0,17.0,-14.0
9.0,109.0,9.0,19.0,16.0,16.0,5.0,,2015.10.27,Single,Male,19.0,-3.0,16.0,17.0,-16.0
9.0,110.0,10.0,3.0,10.0,3.0,5.0,,2015.10.27,Single,Male,12.0,0.0,16.0,17.0,-10.0
10.0,111.0,1.0,37.0,18.0,27.0,7.0,,2015.10.27,Single,Male,21.0,-10.0,11.0,20.0,18.0
10.0,112.0,2.0,18.0,9.0,16.0,3.0,,2015.10.27,Double,Male,12.0,-2.0,11.0,20.0,9.0
10.0,113.0,2.0,18.0,9.0,15.0,5.0,,2015.10.27,Double,Female,12.0,-3.0,11.0,20.0,9.0
10.0,114.0,3.0,32.0,6.0,23.0,6.0,,2015.10.27,Double,Male,10.0,-9.0,11.0,20.0,6.0
10.0,115.0,3.0,32.0,6.0,31.0,2.0,,2015.10.27,Double,Female,10.0,-1.0,11.0,20.0,6.0
10.0,116.0,4.0,24.0,8.0,22.0,6.0,,2015.10.27,Single,Male,11.0,-2.0,11.0,20.0,8.0
10.0,117.0,5.0,0.0,6.0,0.0,1.0,,2015.10.27,Single,Female,8.0,0.0,11.0,20.0,6.0
10.0,118.0,6.0,14.0,6.0,14.0,5.0,,2015.10.27,Double,Male,9.0,0.0,11.0,20.0,6.0
10.0,119.0,6.0,14.0,6.0,10.0,7.0,,2015.10.27,Double,Female,9.0,-4.0,11.0,20.0,6.0
10.0,120.0,7.0,29.0,10.0,24.0,7.0,,2015.10.27,Double,Female,13.0,-5.0,11.0,20.0,10.0
10.0,121.0,7.0,29.0,10.0,28.0,8.0,,2015.10.27,Double,Male,13.0,-1.0,11.0,20.0,10.0
